Expansion,Energy_Barrier,Stiffness,t,theta,L,s,gap,expL,area E
0.7811269952222883,1.620721950583244,1.2615041791459847,0.05,-0.0238,1,0.888917246,0.852025292,1.852025292,3.429997683
0.7723754568586829,2.3333117890960464,1.6784695523790516,0.05,0.0238,1,0.810601303,0.843783843,1.843783843,3.399538861
0.7415707439672667,2.460424218210118,0.8804010781321214,0.05,0.0476,1,0.77074347,0.833390904,1.833390904,3.361322205
0.7278856666977542,2.6491112073573104,1.059065885738237,0.05,0.0714,1,0.730449078,0.818844724,1.818844724,3.308196132
0.710475439,2.786312226467459,1.265799432637013,0.05,0.0952,1,0.68974095,0.800178258,1.800178258,3.240641759
0.7786989795918364,2.0212046529425898,1.4460101159147685,0.05,0,1,0.85,0.85,1.85,3.4225
0.6893787377715113,2.9892524023349614,1.5157204241051616,0.05,0.119,1,0.648642143,0.777433789,1.777433789,3.159270875
0.6646426044439225,3.0295482596493137,1.800969331,0.05,0.1428,1,0.607175937,0.750662842,1.750662842,3.064820388
0.6363223377259593,2.983644900679946,1.4845130209487958,0.05,0.1666,1,0.565365819,0.719926063,1.719926063,2.958145662
0.58769022,2.8964590901635905,0.6035783998265938,0.05,0.1904,1,0.52323547,0.685293079,1.685293079,2.840212763
0.39527161144270206,2.7075678981404856,0.1782897369183865,0.05,0.2142,1,0.480808753,0.646842347,1.646842347,2.712089716
0.3684241949348281,2.596928992557304,0.4138859312430006,0.05,0.238,1,0.4381097,0.60466097,1.60466097,2.574936828
0.3257249523598254,2.413268266236191,0.6850262992063313,0.05,0.2618,1,0.395162495,0.558844502,1.558844502,2.429996183
0.30795502438797534,1.9933723483446073,0.42018784577127904,0.05,0.2856,1,0.351991466,0.509496734,1.509496734,2.278580391
0.2854481144817154,1.6769418316379037,1.0996465183503783,0.05,0.3094,1,0.308621064,0.456729454,1.456729454,2.122060704
0.22935858366260983,1.2165757775710224,1.665387352555041,0.05,0.3332,1,0.265075854,0.400662199,1.400662199,1.961854594
0.193317782,0.8073869678305898,2.6036748016025073,0.05,0.357,1,0.221380502,0.341421977,1.341421977,1.799412921
0.1554494061532573,0.4002736110892008,4.1532306531394045,0.05,0.3808,1,0.177559758,0.27914299,1.27914299,1.636206788
NULL,NULL,NULL,0.05,0.4046,1,0.133638441,0.213966318,1.213966318,1.473714222
NULL,NULL,NULL,0.05,0.4284,1,0.08964143,0.14603961,1.14603961,1.313406787
0.7508561395213433,1.224957416,1.3087547663425336,0.06081,-0.0476,1,0.894046829,0.819351761,1.819351761,3.31004083
0.7536206315214284,1.711523959963037,1.4184885232971989,0.06,-0.0238,1,0.858513553,0.822883417,1.822883417,3.322903952
0.7232237640830947,2.217438309245245,0.6340106009846473,0.06,0.0238,1,0.781021988,0.812993678,1.812993678,3.286946078
0.7126324592952287,2.4142319783434423,0.7879733203542799,0.06,0.0476,1,0.741601595,0.801880324,1.801880324,3.246772701
0.6983513323040526,2.569693964126139,0.9682603439396958,0.06,0.0714,1,0.701761149,0.786685112,1.786685112,3.192243688
0.6804119595394347,2.647745691972238,1.5182622038805509,0.06,0.0952,1,0.661523216,0.767442464,1.767442464,3.123852864
0.7503826530612242,1.9768676861565246,1.665858381794286,0.06,0,1,0.82,0.82,1.82,3.3124
0.6588542169179381,2.713055836078403,1.7953208143090165,0.06,0.119,1,0.620910587,0.744195972,1.744195972,3.042219589
0.6337261899429512,2.7247073099201153,2.1147709196736164,0.06,0.1428,1,0.579946267,0.716998297,1.716998297,2.948083151
0.6050840652002036,2.670752985,2.4746966402369703,0.06,0.1666,1,0.538653457,0.68591105,1.68591105,2.842296068
0.5729920034942276,2.653506778222533,2.981208748357343,0.06,0.1904,1,0.497055546,0.651004654,1.651004654,2.725816369
0.5076596618621949,2.4986269981026417,0.8259603387412243,0.06,0.2142,1,0.455176097,0.612358185,1.612358185,2.599698916
0.3463567334362809,2.2860867722383444,0.1123000178010927,0.06,0.238,1,0.41303883,0.570059188,1.570059188,2.465085855
0.3172043405843987,2.0792437461668394,0.6677947336148233,0.06,0.2618,1,0.370667613,0.524203486,1.524203486,2.323196268
0.28588756288942807,1.6809157065361406,-2.550402822,0.06,0.2856,1,0.328086444,0.474894957,1.474894957,2.175315134
0.2524768925390679,1.3289487630092836,1.172228851778933,0.06,0.3094,1,0.285319443,0.4222453,1.4222453,2.022781694
0.20836567311862383,0.941193946,1.9355115223829495,0.06,0.3332,1,0.242390833,0.366373786,1.366373786,1.866977322
0.16530508906424363,0.46543998062969516,1.9745888711783157,0.06,0.357,1,0.19932493,0.30740698,1.30740698,1.709313013
0.14607500174866045,0.00929822,0.47950417701595033,0.06,0.3808,1,0.156146127,0.245478464,1.245478464,1.551216604
NULL,NULL,NULL,0.06,0.4046,1,0.11287888,0.180728525,1.180728525,1.39411985
NULL,NULL,NULL,0.06,0.4284,1,0.069547697,0.113303844,1.113303844,1.239445449
0.7242220494109999,1.385656637649118,1.3972666355621608,0.07081,-0.0476,1,0.863256665,0.791134027,1.791134027,3.208161102
0.7064895578794719,1.6915762032694324,0.5275655926393094,0.07,-0.0238,1,0.82810986,0.793741542,1.793741542,3.217508719
0.6949470836550388,2.141122371284212,0.8186597119392843,0.07,0.0238,1,0.751442673,0.782203513,1.782203513,3.176249363
0.6836941746231907,2.305509868386993,1.0014909799700615,0.07,0.0476,1,0.71245972,0.770369744,1.770369744,3.13420903
0.6688169979103509,2.398009027603086,1.5284573377425537,0.07,0.0714,1,0.673073219,0.754525499,1.754525499,3.078359726
0.6503484801907164,2.4827284920532153,1.7869588400500325,0.07,0.0952,1,0.633305481,0.73470667,1.73470667,3.009207232
0.7025510204081631,1.9416371668396135,0.6725407148642324,0.07,0,1,0.79,0.79,1.79,3.2041
0.6283296960643648,2.520527552,2.0822094731123992,0.07,0.119,1,0.593179031,0.710958155,1.710958155,2.927377808
0.5860650594574798,2.5114050225791043,0.812687358,0.07,0.1428,1,0.552716596,0.683333751,1.683333751,2.833612518
0.5738457926744477,2.4453366715620235,2.8507752943180016,0.07,0.1666,1,0.511941095,0.651896037,1.651896037,2.728760517
0.5415026376782486,2.29682955,2.639403532974979,0.07,0.1904,1,0.470875623,0.61671623,1.61671623,2.613771367
0.4777499321623147,2.131225184554503,0.540181659,0.07,0.2142,1,0.429543442,0.577874023,1.577874023,2.489686431
0.42806183895780814,1.9145874711140425,0.7601279630361762,0.07,0.238,1,0.387967961,0.535457407,1.535457407,2.357629449
0.2833073815622202,1.6705936711638143,0.19106956343668646,0.07,0.2618,1,0.34617273,0.48956247,1.48956247,2.218796352
0.26382010139088086,1.3036743452137107,-2.636056718,0.07,0.2856,1,0.304181423,0.440293179,1.440293179,2.074444443
0.21204568869190585,0.9927816482984269,0.8259975667700695,0.07,0.3094,1,0.262017823,0.387761146,1.387761146,1.925880999
0.1873727625746378,0.597127906,1.4644702139028152,0.07,0.3332,1,0.219705813,0.332085373,1.332085373,1.77445144
0.18326399179757383,0.11591496547177305,1.2457230887850155,0.07,0.357,1,0.177269358,0.273391984,1.273391984,1.621527144
NULL,NULL,NULL,0.07,0.3808,1,0.134732495,0.211813938,1.211813938,1.468493021
NULL,NULL,NULL,0.07,0.4046,1,0.092119319,0.147490732,1.147490732,1.31673498
0.6787342306709084,1.4131313318643237,0.5545641841058767,0.08081,-0.0476,1,0.8324665,0.762916292,1.762916292,3.107873854
0.6696299598188907,1.0785382477445176,0.46985362862517954,0.08348,-0.0714,1,0.860898506,0.752329497,1.752329497,3.070658666
0.6797266094137705,1.6682614611706892,0.6917101264730747,0.08,-0.0238,1,0.797706167,0.764599667,1.764599667,3.113811984
0.6666704032269829,1.9642454609987232,1.022889848666547,0.08,0.0238,1,0.721863359,0.751413349,1.751413349,3.067448718
0.6547558899511532,2.0907834141399393,1.2217190908783782,0.08,0.0476,1,0.683317845,0.738859164,1.738859164,3.023631192
0.6392826635166493,2.1833931076075697,1.4523720021808544,0.08,0.0714,1,0.64438529,0.722365886,1.722365886,2.966544245
0.6202850008419982,2.2946491860157834,2.0761688393172117,0.08,0.0952,1,0.605087747,0.701970877,1.701970877,2.896704865
0.6749999999999996,1.8608599161459742,0.85040264,0.08,0,1,0.76,0.76,1.76,3.0976
0.5811994758993806,2.3155101460775174,0.8185428927412634,0.08,0.119,1,0.565447474,0.677720338,1.677720338,2.814745533
0.5877792876338137,2.2853406254827386,4.16181644,0.08,0.1428,1,0.525486925,0.649669205,1.649669205,2.721408487
0.5275350890334506,2.210939929281696,1.560932577266752,0.08,0.1666,1,0.485228733,0.617881024,1.617881024,2.617539008
0.4816792012032546,2.0427030765712204,0.14043547816260502,0.08,0.1904,1,0.4446957,0.582427805,1.582427805,2.504077757
0.4478402024624344,1.866247721262106,0.8677507870855289,0.08,0.2142,1,0.403910786,0.54338986,1.54338986,2.382052261
0.3989327897797259,1.6371267261833244,1.2701951207199684,0.08,0.238,1,0.362897092,0.500855625,1.500855625,2.252567609
0.2511778213232752,1.3852303820894958,0.13986289116159178,0.08,0.2618,1,0.321677848,0.454921454,1.454921454,2.116796437
0.22241242870094688,1.0518957885354254,0.7807435696459072,0.08,0.2856,1,0.280276401,0.405691402,1.405691402,1.975968318
0.2001523160847332,0.7297755643858399,1.607752156509976,0.08,0.3094,1,0.238716203,0.353276992,1.353276992,1.831358617
0.1594473581960412,0.436143431,2.8536323494205544,0.08,0.3332,1,0.197020792,0.29779696,1.29779696,1.684276949
0.136292955,0.00048536,0.4987080630120438,0.08,0.357,1,0.155213786,0.239376987,1.239376987,1.536055315
NULL,NULL,NULL,0.08,0.3808,1,0.113318864,0.178149413,1.178149413,1.388036039
NULL,NULL,NULL,0.08,0.4046,1,0.071359758,0.114252939,1.114252939,1.241559612
0.6528199808338171,1.400009351905762,0.725288989,0.09081,-0.0476,1,0.801676335,0.734698558,1.734698558,3.009179088
0.6446231127211942,1.146054350166019,0.6116246155931928,0.09348,-0.0714,1,0.829739309,0.725099826,1.725099826,2.97596941
0.6529636609480688,1.5583024440243702,0.884909606,0.09,-0.0238,1,0.767302474,0.735457792,1.735457792,3.011813746
0.6383937227989269,1.847575601326664,1.2463812930093063,0.09,0.0238,1,0.692284044,0.720623184,1.720623184,2.96054414
0.6258176052791153,1.9509041365339224,1.4675995388669008,0.09,0.0476,1,0.654175969,0.707348584,1.707348584,2.915039188
0.6097483291229473,2.0210044952523174,1.723488109048272,0.09,0.0714,1,0.615697361,0.690206273,1.690206273,2.856797245
0.5738264792295776,2.027109739180519,0.8367635118089419,0.09,0.0952,1,0.576870013,0.669235083,1.669235083,2.786345762
0.6474489795918367,1.7161071507326593,1.0514001565566011,0.09,0,1,0.73,0.73,1.73,2.9929
0.5515228584028511,2.0270869173152235,1.1498413394789524,0.09,0.119,1,0.537715918,0.644482521,1.644482521,2.704322762
0.525949809,1.973747920868849,1.5221131372554189,0.09,0.1428,1,0.498257254,0.61600466,1.61600466,2.61147106
0.4829598449772176,1.8373889955553087,-0.068925706,0.09,0.1666,1,0.45851637,0.583866011,1.583866011,2.508631541
0.4519392445992744,1.705297635221649,0.5930172006868718,0.09,0.1904,1,0.418515777,0.54813938,1.54813938,2.396735539
0.4056384,1.512624154252127,0.074598569,0.09,0.2142,1,0.378278131,0.508905698,1.508905698,2.276796406
0.3585975666440182,1.3000656677359028,0.6714508547302006,0.09,0.238,1,0.337826223,0.466253844,1.466253844,2.149900335
0.2810381125587175,1.034230733466925,0.085052513,0.09,0.2618,1,0.297182966,0.420280438,1.420280438,2.017196522
0.20211036412228356,0.7990675644511078,0.8624146191682122,0.09,0.2856,1,0.25637138,0.371089625,1.371089625,1.879886758
0.1790395657083473,0.5118329148893601,2.0014127358459355,0.09,0.3094,1,0.215414582,0.318792838,1.318792838,1.739214549
0.16961809840110992,0.068407116,0.9917567986523822,0.09,0.3332,1,0.174335771,0.263508547,1.263508547,1.596453848
NULL,NULL,NULL,0.09,0.357,1,0.133158213,0.20536199,1.20536199,1.452897526
NULL,NULL,NULL,0.09,0.3808,1,0.091905233,0.144484887,1.144484887,1.309845657
0.6269057309967259,1.3099996787312693,0.9134487475120914,0.10081,-0.0476,1,0.77088617,0.706480824,1.706480824,2.912076803
0.6196162656234976,1.1166707017061341,0.7879553691448651,0.10348,-0.0714,1,0.798580112,0.697870155,1.697870155,2.882763064
0.6130551815439071,0.886432869,0.6330955487473091,0.10461,-0.0952,1,0.830482006,0.68998905,1.68998905,2.85606299
0.6009914811596344,1.2338689540746308,1.124302919,0.11081,-0.0476,1,0.740096005,0.67826309,1.67826309,2.816566998
0.5946094185258008,1.0717588965866958,0.9850050675877782,0.11348,-0.0714,1,0.767420915,0.670640484,1.670640484,2.791039628
0.5890123857373334,0.8953458000115507,0.8201639057980309,0.11461,-0.0952,1,0.798971426,0.663809127,1.663809127,2.768260812
0.5994377640166657,1.3658211685706625,1.2924417495056326,0.11,-0.0238,1,0.706495088,0.677174041,1.677174041,2.812912765
0.5818403619428147,1.5656679911239517,1.737914690650643,0.11,0.0238,1,0.633125415,0.659042854,1.659042854,2.752423191
0.5679410359350395,1.6293367476073226,2.015921376392033,0.11,0.0476,1,0.595892219,0.644327425,1.644327425,2.703812679
0.5353830031040011,1.6666286882195314,0.7953917027187093,0.11,0.0714,1,0.558321502,0.625887047,1.625887047,2.64350869
0.5153697138292924,1.6711913227540847,1.1133462460292893,0.11,0.0952,1,0.520434544,0.603763496,1.603763496,2.57205735
0.5923469387755099,1.476607811386693,1.5006663535018974,0.11,0,1,0.67,0.67,1.67,2.7889
0.49216962340979215,1.6348458760548126,1.4945854073616622,0.11,0.119,1,0.482252806,0.578006887,1.578006887,2.490105735
0.4525249998026432,1.5305756059291518,0.8107479104655558,0.11,0.1428,1,0.443797913,0.548675568,1.548675568,2.398396016
0.43642346083332934,1.4334554758134328,2.528842732346896,0.11,0.1666,1,0.405091646,0.515835985,1.515835985,2.297758734
0.3809164098798048,1.222955779041452,0.20007430498277623,0.11,0.1904,1,0.366155931,0.47956253,1.47956253,2.189105279
0.3370456596355711,1.0240810076936187,0.81984785,0.11,0.2142,1,0.32701282,0.439937374,1.439937374,2.07341964
0.2926640881699953,0.7561491574937667,0.9168470114416051,0.11,0.238,1,0.287684484,0.397050281,1.397050281,1.951749488
0.26462965328934657,0.49420982869246854,1.9237329800153415,0.11,0.2618,1,0.248193201,0.350998406,1.350998406,1.825196692
0.21066030647603023,0.24302306634798476,1.1233915490634812,0.11,0.2856,1,0.208561337,0.30188607,1.30188607,1.694907338
0.15391582307502227,0.022148288735236776,1.139346163138127,0.11,0.3094,1,0.168811342,0.249824529,1.249824529,1.562061354
NULL,NULL,NULL,0.11,0.3332,1,0.128965729,0.194931721,1.194931721,1.427861819
NULL,NULL,NULL,0.11,0.357,1,0.089047069,0.137331996,1.137331996,1.293524069
0.5750772313225433,1.1355096552185269,1.3282537779392336,0.12081,-0.0476,1,0.70930584,0.650045355,1.650045355,2.722649675
0.5696025714281041,0.9981664158518564,1.1868341646230804,0.12348,-0.0714,1,0.736261718,0.643410814,1.643410814,2.700799103
0.5603575083475931,0.6899642787270864,0.7947469283685726,0.12438,-0.119,1,0.802478678,0.631791403,1.631791403,2.662743183
0.5649695899307596,0.8652783425155429,1.0145392865071494,0.12461,-0.0952,1,0.767460846,0.637629204,1.637629204,2.68182941
0.5726748155509643,1.248557581708438,1.517699657398397,0.12,-0.0238,1,0.676091395,0.648032166,1.648032166,2.716010021
0.5535636815147589,1.4097881221329394,2.013469035400696,0.12,0.0238,1,0.6035461,0.628252689,1.628252689,2.651206819
0.5240304526168073,1.459699183367418,0.8516228173390857,0.12,0.0476,1,0.566750344,0.612816845,1.612816845,2.601178174
0.5066690668879024,1.4829314540567289,1.1356492508318474,0.12,0.0714,1,0.529633573,0.593727434,1.593727434,2.539967135
0.4861413311291497,1.4710423247454258,1.492297378284847,0.12,0.0952,1,0.49221681,0.571027702,1.571027702,2.46812804
0.5647959183673468,1.3411049963741313,1.7548587077149749,0.12,0,1,0.64,0.64,1.64,2.6896
0.4624930059132628,1.4214803826224134,1.9318810704599538,0.12,0.119,1,0.454521249,0.54476907,1.54476907,2.386311479
0.42332616388505906,1.3301574627283248,0.866480957,0.12,0.1428,1,0.416568242,0.515011023,1.515011023,2.295258399
0.38284989420852994,1.0824568267416483,-2.451989835,0.12,0.1666,1,0.378379284,0.481820972,1.481820972,2.195793393
0.3520511578818242,0.9301053203992138,-1.459077786,0.12,0.1904,1,0.339976008,0.445274105,1.445274105,2.088817238
0.318548305,0.7741592457886962,1.6928090998661682,0.12,0.2142,1,0.301380164,0.405453211,1.405453211,1.97529873
0.2738585144895968,0.542702847,1.5510024633886803,0.12,0.238,1,0.262613615,0.3624485,1.3624485,1.856265914
0.22157931821025928,0.29067556546937157,0.6879196732007107,0.12,0.2618,1,0.223698318,0.316357389,1.316357389,1.732796776
0.1719007291659221,0.082232787,0.8746763967206937,0.12,0.2856,1,0.184656316,0.267284292,1.267284292,1.606009477
NULL,NULL,NULL,0.12,0.3094,1,0.145509721,0.215340375,1.215340375,1.477052228
NULL,NULL,NULL,0.12,0.3332,1,0.106280708,0.160643308,1.160643308,1.347092889
NULL,NULL,NULL,0.12,0.357,1,0.066991496,0.103316999,1.103316999,1.2173084
0.549162981,1.0304771933973107,1.550349903201419,0.13081,-0.0476,1,0.678515675,0.621827621,1.621827621,2.630324833
0.5445957243304077,0.9097956936316346,1.4144874897428736,0.13348,-0.0714,1,0.705102521,0.616181143,1.616181143,2.612041487
0.5373332284976244,0.6859419916116782,1.0113205565578203,0.13438,-0.119,1,0.770634564,0.606720534,1.606720534,2.581550874
0.5409267941241859,0.7988985248706542,1.2208207622243195,0.13461,-0.0952,1,0.735950267,0.611449281,1.611449281,2.596768785
0.5459118670852625,1.1266476846559463,1.7640323034055994,0.13,-0.0238,1,0.645687702,0.618890291,1.618890291,2.620805774
0.510695696,1.2566380486278517,0.9139261911212858,0.13,0.0238,1,0.573966786,0.597462524,1.597462524,2.551886516
0.49589600918565935,1.2891919187390526,1.1880979937201346,0.13,0.0476,1,0.537608469,0.581306265,1.581306265,2.500529503
0.4779551306718033,1.2767659472527684,1.5139919634235761,0.13,0.0714,1,0.500945644,0.561567822,1.561567822,2.438494061
0.45691294842900687,1.2362090278448448,1.9190345731365368,0.13,0.0952,1,0.463999076,0.538291908,1.538291908,2.366341995
0.5223214285714284,1.2005058222737208,0.6951589357004885,0.13,0,1,0.61,0.61,1.61,2.5921
0.4204502058905407,1.1710338869572219,0.8596971216159397,0.13,0.119,1,0.426789693,0.511531253,1.511531253,2.284726728
0.39412732796747457,1.0728658675430192,1.4259868099945532,0.13,0.1428,1,0.389338571,0.481346477,1.481346477,2.194387385
0.3649485932132512,0.9367096664488723,2.1457553931184514,0.13,0.1666,1,0.351666922,0.447805959,1.447805959,2.096142095
0.3231859058838432,0.763928369,1.5436595415034082,0.13,0.1904,1,0.313796085,0.41098568,1.41098568,1.990880589
0.2807449919652084,0.5604418084465266,1.2509716173942038,0.13,0.2142,1,0.275747509,0.370969049,1.370969049,1.879556134
0.23793678365359808,0.3381034786268847,1.4576347060884933,0.13,0.238,1,0.237542746,0.327846718,1.327846718,1.763176907
0.18856605857969733,0.12122789711374082,1.3005816744594845,0.13,0.2618,1,0.199203436,0.281716373,1.281716373,1.642796861
NULL,NULL,NULL,0.13,0.2856,1,0.160751294,0.232682515,1.232682515,1.519506182
NULL,NULL,NULL,0.13,0.3094,1,0.122208101,0.180856221,1.180856221,1.394421415
NULL,NULL,NULL,0.13,0.3332,1,0.083595687,0.126354896,1.126354896,1.268675351
0.5087140446581284,0.9225072402215493,0.6357218509761903,0.14081,-0.0476,1,0.64772551,0.593609887,1.593609887,2.539592472
0.5111237287095142,0.5264430451306347,0.9516677972897843,0.14292,-0.1428,1,0.77669331,0.577335005,1.577335005,2.487985716
0.5051558528651358,0.8154014291685153,0.5557779053228813,0.14348,-0.0714,1,0.673943324,0.588951472,1.588951472,2.524766781
0.5143089486476553,0.6349307615808568,1.2167506292885661,0.14438,-0.119,1,0.738790449,0.581649665,1.581649665,2.501615662
0.516883998,0.7232555744472273,1.4348787909274374,0.14461,-0.0952,1,0.704439687,0.585269358,1.585269358,2.513078937
0.5047281153245733,1.0044623843854663,0.779981945,0.14,-0.0238,1,0.615284009,0.589748416,1.589748416,2.527300026
0.4832044784181288,1.1014905671935111,1.2338245044023877,0.14,0.0238,1,0.544387471,0.566672359,1.566672359,2.454462281
0.4677615657545113,1.1178515621711536,1.551622482846872,0.14,0.0476,1,0.508466594,0.549795685,1.549795685,2.401866665
0.4492411944557044,1.1002848914519772,1.9244803159452184,0.14,0.0714,1,0.472257714,0.529408209,1.529408209,2.339089469
0.41546500670803954,1.0547464535501545,0.892321843,0.14,0.0952,1,0.435781342,0.505556115,1.505556115,2.266699214
0.495535714,1.0622028841524673,0.9837747215704263,0.14,0,1,0.58,0.58,1.58,2.4964
0.3916214917510548,0.9819761435420136,1.4149371802821085,0.14,0.119,1,0.399058137,0.478293436,1.478293436,2.185351482
0.36492849204989014,0.872493581,2.0710642166882196,0.14,0.1428,1,0.3621089,0.447681931,1.447681931,2.095782974
0.32557972791131073,0.7330321947982352,1.4146296782024481,0.14,0.1666,1,0.32495456,0.413790946,1.413790946,1.998804839
0.28540184619235137,0.5609295643535188,1.0547160557290236,0.14,0.1904,1,0.287616162,0.376697255,1.376697255,1.895295332
0.24470107506346367,0.3656009439371728,1.1098508303194317,0.14,0.2142,1,0.250114853,0.336484887,1.336484887,1.786191853
0.19698776807956725,0.1593590872600732,0.7105069182455547,0.14,0.238,1,0.212471877,0.293244937,1.293244937,1.672482466
0.14046446226104392,0.006898368,0.32224652102355733,0.14,0.2618,1,0.174708553,0.247075357,1.247075357,1.555196946
NULL,NULL,NULL,0.14,0.2856,1,0.136846273,0.198080737,1.198080737,1.435397453
NULL,NULL,NULL,0.14,0.3094,1,0.098906481,0.146372067,1.146372067,1.314168916
0.4835196350942896,0.8175262872036115,0.8843864798868173,0.15081,-0.0476,1,0.616935345,0.565392153,1.565392153,2.450452592
0.47558206326497326,0.49802939872383617,0.40052367737561345,0.15292,-0.1428,1,0.744533698,0.553429983,1.553429983,2.413144712
0.4808436404090418,0.726470704,0.7880769754938372,0.15348,-0.0714,1,0.642784128,0.561721801,1.561721801,2.438974985
0.47763787244219535,0.5720731315925818,0.5444061731267968,0.15438,-0.119,1,0.706946334,0.556578796,1.556578796,2.422937547
0.47915116910795374,0.6447386842618782,0.668848477,0.15461,-0.0952,1,0.672929107,0.559089435,1.559089435,2.430759866
0.47870858209403006,0.8843497835999947,1.059351481822664,0.15,-0.0238,1,0.584880316,0.560606541,1.560606541,2.435492775
0.4557132613352965,0.9516349989135314,1.5929452303933385,0.15,0.0238,1,0.514808156,0.535882194,1.535882194,2.358934115
0.4396271223233636,0.9520237356287684,1.9437746557365183,0.15,0.0476,1,0.479324719,0.518285105,1.518285105,2.30518966
0.408512194,0.930091799,0.9492939330134369,0.15,0.0714,1,0.443569785,0.497248596,1.497248596,2.241753358
0.3870717206564724,0.8784379782577212,1.4308293486232153,0.15,0.0952,1,0.407563607,0.472820321,1.472820321,2.169199698
0.46874999999999967,0.9271628985486919,1.2980652778321946,0.15,0,1,0.55,0.55,1.55,2.4025
0.362792778,0.7938951245662517,2.030672319,0.15,0.119,1,0.371326581,0.445055619,1.445055619,2.088185741
0.32585525448135577,0.6810694585473868,1.3428826224710808,0.15,0.1428,1,0.334879229,0.414017386,1.414017386,1.999445167
0.2879463221941346,0.5376430284413383,0.921302586,0.15,0.1666,1,0.298242198,0.379775933,1.379775933,1.903781626
0.24936719571285848,0.3703459883349264,0.884803285,0.15,0.1904,1,0.261436238,0.34240883,1.34240883,1.802061467
0.21041655402641804,0.19084699108556014,1.3825162336996613,0.15,0.2142,1,0.224482198,0.302000725,1.302000725,1.695205887
0.15956954634530407,0.034363098839011896,0.8630314759667448,0.15,0.238,1,0.187401008,0.258643155,1.258643155,1.584182592
NULL,NULL,NULL,0.15,0.2618,1,0.150213671,0.212434341,1.212434341,1.469997031
NULL,NULL,NULL,0.15,0.2856,1,0.112941251,0.16347896,1.16347896,1.35368329
NULL,NULL,NULL,0.15,0.3094,1,0.07560486,0.111887913,1.111887913,1.23629473
0.4520800750598375,0.3808856213297124,0.41380242688439206,0.16037,-0.1666,1,0.75286972,0.526201448,1.526201448,2.32929086
0.45832522553045074,0.7185472144345489,1.1580391106530574,0.16081,-0.0476,1,0.58614518,0.537174419,1.537174419,2.362905193
0.45423827917347454,0.44964457887856174,0.592001757,0.16292,-0.1428,1,0.712374085,0.529524962,1.529524962,2.339446608
0.456531428,0.6402459034411314,1.0282807732982624,0.16348,-0.0714,1,0.611624931,0.53449213,1.53449213,2.354666098
0.4552531559213925,0.5088205254992048,0.7463402249466535,0.16438,-0.119,1,0.675102219,0.531507926,1.531507926,2.345516528
0.4557762287404514,0.5704294837670865,0.8917902641509132,0.16461,-0.0952,1,0.641418527,0.532909512,1.532909512,2.349811571
0.4526890488634869,0.7704696568994338,1.3606550780049116,0.16,-0.0238,1,0.554476623,0.531464666,1.531464666,2.345384022
0.41598712870239374,0.8120272323534005,0.6711819552040031,0.16,0.0238,1,0.485228842,0.505092029,1.505092029,2.265302017
0.3997357452095808,0.8028815493468909,1.0207009951567638,0.16,0.0476,1,0.450182843,0.486774525,1.486774525,2.210498489
0.38061865567997794,0.7678340092812829,1.468322830292636,0.16,0.0714,1,0.414881856,0.465088983,1.465088983,2.146485728
0.3586784346049052,0.7045107910725876,2.0273272103191835,0.16,0.0952,1,0.379345873,0.440084527,1.440084527,2.073843446
0.44196428571428553,0.8005715471881011,1.6410080782579701,0.16,0,1,0.52,0.52,1.52,2.3104
0.32414159101702195,0.6164437507177771,1.3332875976699083,0.16,0.119,1,0.343595024,0.411817802,1.411817802,1.993229505
0.28849959549620857,0.4981928651448104,0.8732027814220397,0.16,0.1428,1,0.307649559,0.38035284,1.38035284,1.905373963
0.25204837606172253,0.35739928785733555,0.7457228639913577,0.16,0.1666,1,0.271529836,0.34576092,1.34576092,1.811072454
0.21508195444536424,0.20319302853364646,1.1047436029204207,0.16,0.1904,1,0.235256315,0.308120405,1.308120405,1.711178994
0.1717572416522065,0.056843798,1.150721262223186,0.16,0.2142,1,0.198849542,0.267516562,1.267516562,1.606598236
NULL,NULL,NULL,0.16,0.238,1,0.162330138,0.224041374,1.224041374,1.498277285
NULL,NULL,NULL,0.16,0.2618,1,0.125718789,0.177793325,1.177793325,1.387197116
NULL,NULL,NULL,0.16,0.2856,1,0.08903623,0.128877183,1.128877183,1.274363693
0.4318255739334968,0.3486236,0.6071132998062951,0.17037,-0.1666,1,0.720412824,0.503516427,1.503516427,2.260561647
0.433130816,0.620447731,1.4479112623240376,0.17081,-0.0476,1,0.555355016,0.508956684,1.508956684,2.276950275
0.432894495,0.3978173738261456,0.791269296,0.17292,-0.1428,1,0.680214472,0.50561994,1.50561994,2.266891404
0.4322192154968541,0.5545975644353265,1.292409791574993,0.17348,-0.0714,1,0.580465734,0.50726246,1.50726246,2.271840122
0.43286843940058933,0.44632740801910387,0.9603047347314003,0.17438,-0.119,1,0.643258104,0.506437057,1.506437057,2.269352607
0.4324012883729492,0.49780192634725073,1.1287259822030749,0.17461,-0.0952,1,0.609907947,0.506729589,1.506729589,2.270234053
0.40995270648396726,0.2637209530819007,0.585169366,0.17685,-0.1904,1,0.73078963,0.478035137,1.478035137,2.184587865
0.4266695156329437,0.6602633254526232,1.6899815127485411,0.17,-0.0238,1,0.52407293,0.502322791,1.502322791,2.256973767
0.3892813749647854,0.6792691364000102,1.109003816,0.17,0.0238,1,0.455649527,0.474301864,1.474301864,2.173565988
0.37240514301932287,0.6582403320611558,1.5239367848401681,0.17,0.0476,1,0.421040968,0.455263945,1.455263945,2.117793151
0.342350849,0.6127802843996035,0.7453004849231608,0.17,0.0714,1,0.386193926,0.43292937,1.43292937,2.05328658
0.3205708794782399,0.5443996017571725,1.3690056253002338,0.17,0.0952,1,0.351128139,0.407348734,1.407348734,1.980630458
0.40331632653061206,0.6789326154005888,0.7858623524938655,0.17,0,1,0.49,0.49,1.49,2.2201
0.28718621113656223,0.44942595000752694,0.881834054,0.17,0.119,1,0.315863468,0.378579985,1.378579985,1.900482774
0.2528615150944487,0.33231804509384444,0.69059028,0.17,0.1428,1,0.280419888,0.346688294,1.346688294,1.813569362
0.2178858895140749,0.20166157482226083,0.9112298377495227,0.17,0.1666,1,0.244817474,0.311745907,1.311745907,1.720677325
0.17625142851435627,0.071067554,0.7946097093625497,0.17,0.1904,1,0.209076392,0.27383198,1.27383198,1.622647913
NULL,NULL,NULL,0.17,0.2142,1,0.173216887,0.2330324,1.2330324,1.5203689
NULL,NULL,NULL,0.17,0.238,1,0.137259269,0.189439592,1.189439592,1.414766544
NULL,NULL,NULL,0.17,0.2618,1,0.101223906,0.143152309,1.143152309,1.306797201
0.411571073,0.3080161203628027,0.7997084494651298,0.18037,-0.1666,1,0.687955929,0.480831406,1.480831406,2.192861654
0.3962810805055512,0.5262976759364771,0.6894452067738316,0.18081,-0.0476,1,0.524564851,0.48073895,1.48073895,2.192587838
0.41155071099047735,0.3460494676959187,0.9984053102393371,0.18292,-0.1428,1,0.648054859,0.481714919,1.481714919,2.1954791
0.3962525172395957,0.47349403351196795,0.592137351,0.18348,-0.0714,1,0.549306537,0.480032789,1.480032789,2.190497056
0.4104837228797862,0.3851609720623249,1.1811084329133934,0.18438,-0.119,1,0.61141399,0.481366188,1.481366188,2.194445783
0.39733988091957695,0.42630803161347847,0.4701756215487675,0.18461,-0.0952,1,0.578397367,0.480549665,1.480549665,2.192027312
0.3908333712823716,0.234694849,0.7794811963778686,0.18685,-0.1904,1,0.698053836,0.456621506,1.456621506,2.12174621
0.38920284004804606,0.5566288437607593,0.8905274459664676,0.18,-0.0238,1,0.493669237,0.473180915,1.473180915,2.170262009
0.36257562122717696,0.5526123721499324,1.5759652668439703,0.18,0.0238,1,0.426070212,0.4435117,1.4435117,2.083726027
0.33492528962821005,0.5225045717536283,0.8269302347022733,0.18,0.0476,1,0.391899093,0.423753366,1.423753366,2.027073646
0.31527770961466256,0.4709374437739704,1.3952596481143353,0.18,0.0714,1,0.357505997,0.400769757,1.400769757,1.962155913
0.2841335176487254,0.39666541614072975,0.9001647874149848,0.18,0.0952,1,0.322910405,0.37461294,1.37461294,1.889560735
0.37729591836734666,0.563379608,1.191947699678992,0.18,0,1,0.46,0.46,1.46,2.1316
0.25192663797018994,0.30190664851341126,0.6694201549393424,0.18,0.119,1,0.288131912,0.345342168,1.345342168,1.809945548
0.21894101327607607,0.19278634407147072,0.8034306734877479,0.18,0.1428,1,0.253190217,0.313023749,1.313023749,1.724031364
0.17906372935977083,0.079308941,0.536605945,0.18,0.1666,1,0.218105112,0.277730894,1.277730894,1.632596238
NULL,NULL,NULL,0.18,0.1904,1,0.182896469,0.239543555,1.239543555,1.536468225
NULL,NULL,NULL,0.18,0.2142,1,0.147584231,0.198548238,1.198548238,1.436517879
NULL,NULL,NULL,0.18,0.238,1,0.1121884,0.154837811,1.154837811,1.333650369
NULL,NULL,NULL,0.18,0.2618,1,0.076729024,0.108511292,1.108511292,1.228797285
0.3801360982042206,0.2654066555426563,0.3323447244921576,0.19037,-0.1666,1,0.655499034,0.458146386,1.458146386,2.126190882
0.3718065112149649,0.43898324025784674,1.0324309039501547,0.19081,-0.0476,1,0.493774686,0.452521216,1.452521216,2.109817882
0.3702797803056355,0.17421192315957162,0.7207669157074013,0.19245,-0.2142,1,0.71031058,0.432559276,1.432559276,2.05222608
0.3790581575590079,0.2961346878949924,0.461602877,0.19292,-0.1428,1,0.615895246,0.457809897,1.457809897,2.125209697
0.3726349394251045,0.3959940930251574,0.8997931103936964,0.19348,-0.0714,1,0.51814734,0.452803118,1.452803118,2.1106369
0.37701046332015514,0.32762209894900374,0.5999639695164477,0.19438,-0.119,1,0.579569875,0.456295319,1.456295319,2.120796055
0.3746327959911464,0.36012849138945585,0.7469205847309877,0.19461,-0.0952,1,0.546886787,0.454369742,1.454369742,2.115191347
0.36109363504989656,0.20188518820235857,0.38213840666298365,0.19685,-0.1904,1,0.665318042,0.435207874,1.435207874,2.059821643
0.36392672205266147,0.4568903673029492,1.288900577509818,0.19,-0.0238,1,0.463265544,0.44403904,1.44403904,2.08524875
0.32599134197516944,0.4345636998337469,0.9437856820504293,0.19,0.0238,1,0.396490898,0.412721535,1.412721535,1.995782135
0.3083985286788421,0.39619525761481106,1.4716104969242352,0.19,0.0476,1,0.362757218,0.392242786,1.392242786,1.938339974
0.2794710979430492,0.3393750358256844,0.9912351192361666,0.19,0.0714,1,0.328818068,0.368610144,1.368610144,1.873093727
0.2493663491163622,0.2636520392392622,0.7323011902276156,0.19,0.0952,1,0.29469267,0.341877146,1.341877146,1.800634276
0.3409438775510203,0.4528658562396951,0.5409256886170786,0.19,0,1,0.43,0.43,1.43,2.0449
0.21836287151790512,0.17381927492532334,0.7917872600016309,0.19,0.119,1,0.260400355,0.312104351,1.312104351,1.721617827
0.18029884555691533,0.077832664,0.44628518768267206,0.19,0.1428,1,0.225960546,0.279359203,1.279359203,1.63675997
0.1381850849759572,0.00277083,0.5348767115328663,0.19,0.1666,1,0.19139275,0.243715881,1.243715881,1.546829193
NULL,NULL,NULL,0.19,0.1904,1,0.156716546,0.20525513,1.20525513,1.452639929
NULL,NULL,NULL,0.19,0.2142,1,0.121951576,0.164064076,1.164064076,1.355045172
NULL,NULL,NULL,0.19,0.238,1,0.087117531,0.120236029,1.120236029,1.254928762
0.6262007124823672,1.4697625310654672,1.0763095618391114,0.1,-0.0238,1,0.736898781,0.706315916,1.706315916,2.911514007
0.6101170423708707,1.7146118964355246,1.487824296202754,0.1,0.0238,1,0.662704729,0.689833019,1.689833019,2.855535631
0.5968793206070773,1.7952346834612969,1.7323773636798039,0.1,0.0476,1,0.625034094,0.675838004,1.675838004,2.808433017
0.5802139947292457,1.8489256952539652,2.025329207809818,0.1,0.0714,1,0.587009431,0.65804666,1.65804666,2.749118727
0.5601580421445619,1.8642707466528405,2.357818561,0.1,0.0952,1,0.548652279,0.636499289,1.636499289,2.678129924
0.6198979591836733,1.603246465738954,1.2620534688443554,0.1,0,1,0.7,0.7,1.7,2.89
0.5218462409063216,1.8184232544027479,1.5004199400541673,0.1,0.119,1,0.509984362,0.611244704,1.611244704,2.596109496
0.4958921838296459,1.7596377313780036,1.945911727,0.1,0.1428,1,0.471027583,0.582340114,1.582340114,2.503800236
0.4534570320362258,1.6125857331045543,-1.525201008,0.1,0.1666,1,0.431804008,0.549850998,1.549850998,2.402038116
0.4346169141128029,1.4697097388540459,3.185049335,0.1,0.1904,1,0.392335854,0.513850955,1.513850955,2.291744713
0.3766083682667133,1.2768581881957592,0.6258410844734156,0.1,0.2142,1,0.352645475,0.474421536,1.474421536,2.173918866
0.3303512159258776,1.0415578461819774,1.293765475279315,0.1,0.238,1,0.312755354,0.431652063,1.431652063,2.049627628
0.25629452959344784,0.7800315816001953,0.22820898991423152,0.1,0.2618,1,0.272688083,0.385639422,1.385639422,1.919996607
0.17390359086781035,0.5274919985290065,1.1796569488259423,0.1,0.2856,1,0.232466359,0.336487847,1.336487847,1.786199765
0.19082823519278655,0.16787330802560196,0.8118081252883849,0.1,0.3094,1,0.192112962,0.284308684,1.284308684,1.649448795
NULL,NULL,NULL,0.1,0.3332,1,0.15165075,0.229220134,1.229220134,1.510982138
NULL,NULL,NULL,0.1,0.357,1,0.111102641,0.171346993,1.171346993,1.372053778
NULL,NULL,NULL,0.1,0.3808,1,0.070491602,0.110820361,1.110820361,1.233921875
0.3604602971100611,0.22606651482864615,0.5341920819097277,0.20037,-0.1666,1,0.623042138,0.435461365,1.435461365,2.06054933
0.3473319419243789,0.35445446091127264,1.4116568394615512,0.20081,-0.0476,1,0.462984521,0.424303482,1.424303482,2.028640408
0.3422720961160888,0.1506698918912088,0.4044996253848424,0.20245,-0.2142,1,0.67731443,0.412465544,1.412465544,1.995058913
0.3583241958701235,0.2500126634550156,0.6861624519098042,0.20292,-0.1428,1,0.583735633,0.433904876,1.433904876,2.056083193
0.34901736161061314,0.3228327496413984,1.2400010152817629,0.20348,-0.0714,1,0.486988143,0.425573447,1.425573447,2.032259654
0.35526531012851786,0.2727623093241631,0.8602668938832513,0.20438,-0.119,1,0.54772576,0.43122445,1.43122445,2.048403425
0.3519257110627156,0.2966252856967864,1.0504062990610763,0.20461,-0.0952,1,0.515376208,0.428189819,1.428189819,2.03972616
0.34252056656834656,0.16999079053240052,0.5641084347711979,0.20685,-0.1904,1,0.632582249,0.413794243,1.413794243,1.998814162
0.3233198430158319,0.10891636779249825,0.4060047111257072,0.20725,-0.238,1,0.691305071,0.389525552,1.389525552,1.930781259
0.3407844960159016,0.187773403,0.7382554402766762,0.21037,-0.1666,1,0.590585243,0.412776344,1.412776344,1.995936998
0.3133615675563281,0.2788303427559984,0.8918475639253541,0.21081,-0.0476,1,0.432194356,0.396085747,1.396085747,1.949055414
0.3248438342209888,0.12535589,0.5773110870806718,0.21245,-0.2142,1,0.64431828,0.392371811,1.392371811,1.938699261
0.3375902341812389,0.20485163486068247,0.92626721,0.21292,-0.1428,1,0.55157602,0.409999854,1.409999854,1.98809959
0.31582920191976527,0.256269204,0.7446703398178918,0.21348,-0.0714,1,0.455828946,0.398343776,1.398343776,1.955365317
0.32371074055638405,0.2215574390078822,0.41158738706394987,0.21438,-0.119,1,0.515881645,0.40615358,1.40615358,1.977267891
0.31953572536562924,0.2381547898351079,0.5714347762723959,0.21461,-0.0952,1,0.483865628,0.402009896,1.402009896,1.965631749
0.32394749808679635,0.13943528552466042,0.7525051501302574,0.21685,-0.1904,1,0.599846455,0.392380612,1.392380612,1.938723769
0.2980442251398401,0.090585228,0.18428650267689095,0.21725,-0.238,1,0.658067254,0.370797237,1.370797237,1.879085065
0.30415758941301246,0.2785677225667111,1.1963562893803128,0.21,-0.0238,1,0.402458158,0.38575529,1.38575529,1.920317724
0.2658431623664485,0.22794003007577768,1.2183717514509913,0.21,0.0238,1,0.337332269,0.351141205,1.351141205,1.825582556
0.23986955182373593,0.18191920098604936,0.950455272,0.21,0.0476,1,0.304473468,0.329221626,1.329221626,1.766830131
0.21278026366543903,0.12412500699374307,0.9448728635340571,0.21,0.0714,1,0.271442209,0.304290919,1.304290919,1.7011748
0.17846870946229232,0.059792469,0.522053904,0.21,0.0952,1,0.238257202,0.276405559,1.276405559,1.629211151
0.2816326530612244,0.2603811586716342,0.6774710911135546,0.21,0,1,0.37,0.37,1.37,1.8769
0.13957389174606918,0.005056554,0.3471279813558017,0.21,0.119,1,0.204937243,0.245628717,1.245628717,1.5515909
NULL,NULL,NULL,0.21,0.1428,1,0.171501205,0.212030111,1.212030111,1.469016991
NULL,NULL,NULL,0.21,0.1666,1,0.137968026,0.175685855,1.175685855,1.382237231
NULL,NULL,NULL,0.21,0.1904,1,0.1043567,0.13667828,1.13667828,1.292037513
0.3116643215416907,0.15279430368385807,0.3795439772342898,0.22037,-0.1666,1,0.558128348,0.390091323,1.390091323,1.932353886
0.2808308737347825,0.2083537869061057,0.5257699794828149,0.22081,-0.0476,1,0.401404191,0.367868013,1.367868013,1.871062901
0.28040215881194314,0.06305058,0.21302449719551025,0.22132,-0.2618,1,0.673663153,0.348712911,1.348712911,1.819026517
0.2983739378457157,0.10209852112912504,0.3062879063910294,0.22245,-0.2142,1,0.61132213,0.372278079,1.372278079,1.883147126
0.30753697036022654,0.16446594087682953,0.5337096210412605,0.22292,-0.1428,1,0.519416408,0.386094833,1.386094833,1.921258886
0.28403031151212293,0.19470777142012605,0.3743156440109367,0.22348,-0.0714,1,0.42466975,0.371114106,1.371114106,1.879953891
0.3026051506939125,0.17514481247340333,0.7214896696918274,0.22438,-0.119,1,0.48403753,0.381082711,1.381082711,1.907389455
0.297496496,0.18426745383246673,0.9325464297422912,0.22461,-0.0952,1,0.452355048,0.375829973,1.375829973,1.892908115
0.29639282873450373,0.11242413293913096,0.4423151382028889,0.22685,-0.1904,1,0.567110661,0.370966981,1.370966981,1.879550463
0.28227801441137274,0.073023111,0.3440144377395882,0.22725,-0.238,1,0.624829437,0.352068922,1.352068922,1.82809037
0.27115140523906534,0.20180814265836342,0.8517012308019714,0.22,-0.0238,1,0.372054465,0.356613415,1.356613415,1.840399957
0.23318619984055988,0.14247736365777686,1.1020334712283835,0.22,0.0238,1,0.307752954,0.32035104,1.32035104,1.743326869
0.20801658711885276,0.097127569,1.0819990071479217,0.22,0.0476,1,0.275331593,0.297711046,1.297711046,1.684053959
0.1756237637815306,0.046456599,0.6439017365242461,0.22,0.0714,1,0.24275428,0.272131306,1.272131306,1.618318059
0.13846964580551613,0.002984666,0.4171117156996651,0.22,0.0952,1,0.210039468,0.243669765,1.243669765,1.546714485
0.24910714285714272,0.17762231110712423,0.4841797789971135,0.22,0,1,0.34,0.34,1.34,1.7956
NULL,NULL,NULL,0.22,0.119,1,0.177205687,0.2123909,1.2123909,1.469891693
NULL,NULL,NULL,0.22,0.1428,1,0.144271534,0.178365566,1.178365566,1.388545407
NULL,NULL,NULL,0.22,0.1666,1,0.111255664,0.141670842,1.141670842,1.303412312
0.29256722047971234,0.12086402434799552,0.6162068203868594,0.23037,-0.1666,1,0.525671453,0.367406302,1.367406302,1.869799995
0.2577959849907011,0.14566336129488097,1.0668973509127297,0.23081,-0.0476,1,0.370614026,0.339650279,1.339650279,1.79466287
0.26582111885026644,0.05002165,0.3603052386633906,0.23132,-0.2618,1,0.640202496,0.33139244,1.33139244,1.772605829
0.281458272,0.080906084,0.4846628644951434,0.23245,-0.2142,1,0.57832598,0.352184346,1.352184346,1.828402506
0.28741283107395627,0.12748661031632488,0.8183910515507672,0.23292,-0.1428,1,0.487256795,0.362189812,1.362189812,1.855561083
0.26180200298083706,0.1404216370758733,0.8493905045709008,0.23348,-0.0714,1,0.393510553,0.343884435,1.343884435,1.806025374
0.2729692711092762,0.13241734334419175,0.42576332375520143,0.23438,-0.119,1,0.452193415,0.356011842,1.356011842,1.838768115
0.2671100764963983,0.13610280406092237,0.6343996560854308,0.23461,-0.0952,1,0.420844468,0.34965005,1.34965005,1.821555257
0.24118759415009852,0.032504152,0.1294097604470904,0.23475,-0.2856,1,0.657193788,0.309877763,1.309877763,1.715779753
0.26993069282230214,0.087387461,0.21275841600023657,0.23685,-0.1904,1,0.534374868,0.34955335,1.34955335,1.821294244
0.2584356884197871,0.056326473634543045,0.17914429533405776,0.23725,-0.238,1,0.59159162,0.333340607,1.333340607,1.777797175
0.23963205153543485,0.13383873265634036,0.6946119791163405,0.23,-0.0238,1,0.341650773,0.32747154,1.32747154,1.762180689
0.1953634918716149,0.07197312,0.5148007042976653,0.23,0.0238,1,0.278173639,0.289560875,1.289560875,1.662967251
0.17164125989934415,0.032337298,0.8129969707468709,0.23,0.0476,1,0.246189718,0.266200466,1.266200466,1.603263621
0.13084509840741557,0.000628063,0.22865811342937745,0.23,0.0714,1,0.214066351,0.239971693,1.239971693,1.537529799
NULL,NULL,NULL,0.23,0.0952,1,0.181821734,0.210933972,1.210933972,1.466361084
0.21811224489795905,0.1069980580484923,0.5007189795365325,0.23,0,1,0.31,0.31,1.31,1.7161
NULL,NULL,NULL,0.23,0.119,1,0.14947413,0.179153083,1.179153083,1.390401992
NULL,NULL,NULL,0.23,0.1428,1,0.117041863,0.14470102,1.14470102,1.310340425
NULL,NULL,NULL,0.23,0.1666,1,0.084543301,0.107655829,1.107655829,1.226901437
0.2651831461020452,0.091945335,0.3684699908413957,0.24037,-0.1666,1,0.493214557,0.344721281,1.344721281,1.808275324
0.22742481198891315,0.091477338,0.9505473898336556,0.24081,-0.0476,1,0.339823861,0.311432545,1.311432545,1.719855319
0.24362674316469288,0.038308689084390155,0.22497866127985575,0.24132,-0.2618,1,0.606741838,0.314071969,1.314071969,1.726785139
0.25652616332770733,0.0618688,0.2916229609997726,0.24245,-0.2142,1,0.54532983,0.332090614,1.332090614,1.774465403
0.25918903446078656,0.094301435,0.5628233469435637,0.24292,-0.1428,1,0.455097182,0.33828479,1.33828479,1.791006179
0.23208701649800267,0.091954494,0.705209294,0.24348,-0.0714,1,0.362351356,0.316654764,1.316654764,1.733579768
0.2525032445759706,0.094185721,0.8029288847558664,0.24438,-0.119,1,0.420349301,0.330940973,1.330940973,1.771403873
0.2380593679946696,0.093102377,0.4733774629953353,0.24461,-0.0952,1,0.389333888,0.323470127,1.323470127,1.751573176
0.22822969019895656,0.024173773128225384,0.25731549185485697,0.24475,-0.2856,1,0.623529242,0.294004371,1.294004371,1.674447313
0.25245015778084334,0.065361778,0.4413836382274607,0.24685,-0.1904,1,0.501639074,0.328139718,1.328139718,1.763955112
0.24314724165278845,0.042182165706857136,0.344628267,0.24725,-0.238,1,0.558353803,0.314612292,1.314612292,1.72820548
0.20537527020523627,0.014221729384215058,0.10935160479001531,0.24758,-0.3094,1,0.641861106,0.272873876,1.272873876,1.620207905
0.2095995283021212,0.075806048,0.7306580146550398,0.24,-0.0238,1,0.31124708,0.298329665,1.298329665,1.685659918
0.16068263728356488,0.019820768710247183,0.4673614228854633,0.24,0.0238,1,0.248594325,0.25877071,1.25877071,1.584503701
NULL,NULL,NULL,0.24,0.0476,1,0.217047842,0.234689887,1.234689887,1.524459116
NULL,NULL,NULL,0.24,0.0714,1,0.185378421,0.20781208,1.20781208,1.458810021
NULL,NULL,NULL,0.24,0.0952,1,0.153603999,0.178198178,1.178198178,1.388150947
0.18864795918367333,0.049537485,0.7410907605031344,0.24,0,1,0.28,0.28,1.28,1.6384
NULL,NULL,NULL,0.24,0.119,1,0.121742574,0.145915266,1.145915266,1.313121796
NULL,NULL,NULL,0.24,0.1428,1,0.089812192,0.111036474,1.111036474,1.234402047
0.23895647178874008,0.066256667,0.20940493299235866,0.25037,-0.1666,1,0.460757662,0.32203626,1.32203626,1.747779874
0.19187687554917576,0.046661997,0.4474802782308022,0.25081,-0.0476,1,0.309033696,0.28321481,1.28321481,1.64664025
0.22231606687073635,0.027492534063622467,0.13775093400155813,0.25132,-0.2618,1,0.57328118,0.296751497,1.296751497,1.681564446
0.23261924664289016,0.044725856526465754,0.16546156823687963,0.25245,-0.2142,1,0.51233368,0.311996881,1.311996881,1.721335817
0.2321848826528453,0.064764333,0.4163536188355994,0.25292,-0.1428,1,0.422937569,0.314379769,1.314379769,1.727594176
0.2037612992983737,0.050985005,0.7100427966952914,0.25348,-0.0714,1,0.331192159,0.289425093,1.289425093,1.662617071
0.22478605497883167,0.060836083,0.6707871587249865,0.25438,-0.119,1,0.388505186,0.305870104,1.305870104,1.705296727
0.21034437037108383,0.056633866,0.42981875187861057,0.25461,-0.0952,1,0.357823308,0.297290204,1.297290204,1.682961873
0.20854454292757044,0.016754042498584955,0.18880923814067804,0.25475,-0.2856,1,0.589864697,0.27813098,1.27813098,1.633618803
0.22762682202877865,0.045760372,0.3120464000720843,0.25685,-0.1904,1,0.46890328,0.306726087,1.306726087,1.707533067
0.22073820754560888,0.029745540812613824,0.23963633305632853,0.25725,-0.238,1,0.525115986,0.295883978,1.295883978,1.679315284
0.18773720166119104,0.009246886,0.087664217,0.25758,-0.3094,1,0.608011741,0.258483524,1.258483524,1.583780779
0.16694080299766972,0.004035647,0.045261171,0.25986,-0.3332,1,0.627586042,0.237541919,1.237541919,1.53151
0.1748105998308786,0.030486738077849296,0.43679906794321605,0.25,-0.0238,1,0.280843387,0.269187789,1.269187789,1.610837645
NULL,NULL,NULL,0.25,0.0238,1,0.21901501,0.227980545,1.227980545,1.50793622
NULL,NULL,NULL,0.25,0.0476,1,0.187905967,0.203179307,1.203179307,1.447640444
NULL,NULL,NULL,0.25,0.0714,1,0.156690492,0.175652467,1.175652467,1.382158724
NULL,NULL,NULL,0.25,0.0952,1,0.125386265,0.145462384,1.145462384,1.312084074
0.14923469387755087,0.008886245,0.30175663937013636,0.25,0,1,0.25,0.25,1.25,1.5625
NULL,NULL,NULL,0.25,0.119,1,0.094011018,0.112677449,1.112677449,1.238051104
0.221016771,0.043713682,0.5134417282406182,0.26037,-0.1666,1,0.428300767,0.29935124,1.29935124,1.688313644
0.15920830020244867,0.013305837,0.3534942819079213,0.26081,-0.0476,1,0.278243531,0.254997076,1.254997076,1.575017661
0.20188908996839627,0.018431204293151315,0.088912135,0.26132,-0.2618,1,0.539820523,0.279431026,1.279431026,1.63694375
0.2167287725620637,0.030068466,0.3794789274650565,0.26245,-0.2142,1,0.47933753,0.291903149,1.291903149,1.669013746
0.20640037565013247,0.039266216,0.37372564866477787,0.26292,-0.1428,1,0.390777956,0.290474747,1.290474747,1.665325073
0.170727443,0.019549802837826258,0.4424631014227342,0.26348,-0.0714,1,0.300032962,0.262195422,1.262195422,1.593137285
0.1917363923053569,0.033151894,0.2527995908453833,0.26438,-0.119,1,0.356661071,0.280799234,1.280799234,1.640446679
0.18396508362564104,0.026441032949502535,0.5365261670636383,0.26461,-0.0952,1,0.326312729,0.271110281,1.271110281,1.615721345
0.18966926465313083,0.010502047358112915,0.1519385346885843,0.26475,-0.2856,1,0.556200151,0.262257589,1.262257589,1.593294221
0.20389601971680524,0.028754854614897338,0.2571788330561413,0.26685,-0.1904,1,0.436167487,0.285312456,1.285312456,1.65202811
0.1992847013613668,0.018898794594587258,0.18781907938186912,0.26725,-0.238,1,0.491878168,0.277155663,1.277155663,1.631126587
0.17083333710566231,0.005162855,0.081969254,0.26758,-0.3094,1,0.574162375,0.244093171,1.244093171,1.547767818
0.15198796277724985,0.001739704,0.058468149,0.26986,-0.3332,1,0.593571029,0.224667204,1.224667204,1.499809759
0.13749551182718214,0.001737497,0.2694442541889643,0.26,-0.0238,1,0.250439694,0.240045914,1.240045914,1.53771387
NULL,NULL,NULL,0.26,0.0238,1,0.189435696,0.19719038,1.19719038,1.433264807
NULL,NULL,NULL,0.26,0.0476,1,0.158764092,0.171668727,1.171668727,1.372807605
NULL,NULL,NULL,0.26,0.0714,1,0.128002563,0.143492854,1.143492854,1.307575908
NULL,NULL,NULL,0.26,0.0952,1,0.097168531,0.112726591,1.112726591,1.238160465
NULL,NULL,NULL,0.26,0,1,0.22,0.22,1.22,1.4884
0.1899753233552172,0.024703686361290805,0.1646185071933275,0.27037,-0.1666,1,0.395843872,0.276666219,1.276666219,1.629876634
NULL,NULL,NULL,0.27081,-0.0476,1,0.247453367,0.226779342,1.226779342,1.504987554
0.18234581245767323,0.011025526832852288,0.077368026,0.27132,-0.2618,1,0.506359865,0.262110555,1.262110555,1.592923052
0.12813056535208667,0.000120859,0.024152508268924334,0.27165,-0.357,1,0.614246243,0.203719904,1.203719904,1.448941607
0.19435964369151995,0.017692413249759356,0.3333388081487757,0.27245,-0.2142,1,0.44634138,0.271809416,1.271809416,1.617499191
0.18183551345264837,0.019086306,0.4156456193385656,0.27292,-0.1428,1,0.358618343,0.266569726,1.266569726,1.60419887
0.1296665766417702,0.000542418,0.091551126,0.27348,-0.0714,1,0.268873765,0.234965752,1.234965752,1.525140408
0.167217019,0.012162459445373225,0.4042826008441802,0.27438,-0.119,1,0.324816956,0.255728365,1.255728365,1.576853727
0.1475699714898882,0.005368086,0.17134940516486294,0.27461,-0.0952,1,0.294802149,0.244930357,1.244930357,1.549851595
0.17160385537563744,0.005486092,0.14128708374389387,0.27475,-0.2856,1,0.522535605,0.246384198,1.246384198,1.553473569
0.1812577508449228,0.014790115223991554,0.2729904759809898,0.27685,-0.1904,1,0.403431693,0.263898825,1.263898825,1.59744024
0.178786723,0.010194639879192016,0.18263452338849753,0.27725,-0.238,1,0.458640351,0.258427348,1.258427348,1.58363939
0.15466367653865007,0.002005527,0.093190134,0.27758,-0.3094,1,0.540313009,0.229702819,1.229702819,1.512169022
0.13259229468693243,0.000227204,0.036929261,0.27986,-0.3332,1,0.559556016,0.211792489,1.211792489,1.468441035
NULL,NULL,NULL,0.27,-0.0238,1,0.220036001,0.210904039,1.210904039,1.466288592
NULL,NULL,NULL,0.27,0.0238,1,0.159856381,0.166400215,1.166400215,1.360489463
NULL,NULL,NULL,0.27,0.0476,1,0.129622217,0.140158147,1.140158147,1.2999606
NULL,NULL,NULL,0.27,0.0714,1,0.099314633,0.111333241,1.111333241,1.235061574
NULL,NULL,NULL,0.27,0,1,0.19,0.19,1.19,1.4161
0.1672208492349992,0.010014304686542366,0.260777004,0.28037,-0.1666,1,0.363386976,0.253981198,1.253981198,1.572468844
NULL,NULL,NULL,0.28081,-0.0476,1,0.216663202,0.198561608,1.198561608,1.436549927
0.16368623433856688,0.005094749,0.098253002,0.28132,-0.2618,1,0.472899207,0.244790083,1.244790083,1.549502352
NULL,NULL,NULL,0.28165,-0.357,1,0.580084849,0.192389992,1.192389992,1.421793893
0.16704964784553245,0.007928334,0.15101678108528602,0.28245,-0.2142,1,0.41334523,0.251715684,1.251715684,1.566792153
0.1471695606275072,0.004302118,0.10345079099713192,0.28292,-0.1428,1,0.32645873,0.242664704,1.242664704,1.544215567
NULL,NULL,NULL,0.28298,-0.3808,1,0.601813441,0.171292904,1.171292904,1.371927068
NULL,NULL,NULL,0.28348,-0.0714,1,0.237714568,0.207736081,1.207736081,1.458626441
0.12797935383206102,0.000105337,0.096683197,0.28438,-0.119,1,0.292972841,0.230657496,1.230657496,1.514517872
NULL,NULL,NULL,0.28461,-0.0952,1,0.263291569,0.218750434,1.218750434,1.485352621
0.14883587527026587,0.001766886,0.06830169,0.28475,-0.2856,1,0.488871059,0.230510807,1.230510807,1.514156845
0.15400801486266275,0.004496096,0.16173271201837283,0.28685,-0.1904,1,0.370695899,0.242485194,1.242485194,1.543769457
0.15355697730591983,0.003512459,0.087721559,0.28725,-0.238,1,0.425402534,0.239699033,1.239699033,1.536853693
0.1289150184816244,0.000175975,0.021992550562548573,0.28758,-0.3094,1,0.506463643,0.215312466,1.215312466,1.47698439
NULL,NULL,NULL,0.28986,-0.3332,1,0.525541003,0.198917773,1.198917773,1.437403828
NULL,NULL,NULL,0.28,-0.0238,1,0.189632308,0.181762164,1.181762164,1.396561812
NULL,NULL,NULL,0.28,0.0238,1,0.130277066,0.135610051,1.135610051,1.289610187
NULL,NULL,NULL,0.28,0.0476,1,0.100480342,0.108647567,1.108647567,1.229099428
NULL,NULL,NULL,0.28,0,1,0.16,0.16,1.16,1.3456
0.13483682886957735,0.000674912,0.10453703112491328,0.29037,-0.1666,1,0.330930081,0.231296177,1.231296177,1.516090275
NULL,NULL,NULL,0.29081,-0.0476,1,0.185873037,0.170343873,1.170343873,1.369704782
0.1405062683662227,0.001043244,0.059928779,0.29132,-0.2618,1,0.43943855,0.227469612,1.227469612,1.506681648
NULL,NULL,NULL,0.29165,-0.357,1,0.545923456,0.18106008,1.18106008,1.394902913
0.14179003575190963,0.001284173,0.11408110052676546,0.29245,-0.2142,1,0.38034908,0.231621951,1.231621951,1.516892631
NULL,NULL,NULL,0.29292,-0.1428,1,0.294299117,0.218759683,1.218759683,1.485375165
NULL,NULL,NULL,0.29298,-0.3808,1,0.567525016,0.161533461,1.161533461,1.349159982
NULL,NULL,NULL,0.29348,-0.0714,1,0.206555371,0.18050641,1.18050641,1.393595384
NULL,NULL,NULL,0.2939,-0.4046,1,0.590184154,0.14013111,1.14013111,1.299898948
NULL,NULL,NULL,0.29438,-0.119,1,0.261128727,0.205586627,1.205586627,1.453439115
NULL,NULL,NULL,0.29461,-0.0952,1,0.231780989,0.192570511,1.192570511,1.422224424
NULL,NULL,NULL,0.29475,-0.2856,1,0.455206514,0.214637415,1.214637415,1.475344051
NULL,NULL,NULL,0.29685,-0.1904,1,0.337960106,0.221071563,1.221071563,1.491015761
NULL,NULL,NULL,0.29725,-0.238,1,0.392164717,0.220970718,1.220970718,1.490769495
NULL,NULL,NULL,0.29758,-0.3094,1,0.472614278,0.200922113,1.200922113,1.442213922
NULL,NULL,NULL,0.29986,-0.3332,1,0.49152599,0.186043058,1.186043058,1.406698137
NULL,NULL,NULL,0.29,-0.0238,1,0.159228615,0.152620289,1.152620289,1.32853353
NULL,NULL,NULL,0.29,0.0238,1,0.100697752,0.104819886,1.104819886,1.22062698
NULL,NULL,NULL,0.29,0,1,0.13,0.13,1.13,1.2769
0.32869029217323914,0.3641447795315453,0.7001630557053221,0.2,-0.0238,1,0.432861851,0.414897165,1.414897165,2.001933988
0.3000710515827848,0.32500051683883985,1.5511636810386513,0.2,0.0238,1,0.366911583,0.38193137,1.38193137,1.909734311
0.2733301990103991,0.28242264033617515,1.0885773556211442,0.2,0.0476,1,0.333615343,0.360732206,1.360732206,1.851592136
0.2453052826266413,0.22315736436621203,0.822947978,0.2,0.0714,1,0.300130138,0.336450531,1.336450531,1.786100023
0.21626937388114983,0.15043547314356098,0.8346676794941572,0.2,0.0952,1,0.266474936,0.309141353,1.309141353,1.713851081
0.315688776,0.35296500324170343,1.0674371180646995,0.2,0,1,0.4,0.4,1.4,1.96
0.1800640527528212,0.071014547,0.43226746964167145,0.2,0.119,1,0.232668799,0.278866534,1.278866534,1.635499611
0.13951137981204728,0.005317216,0.36232958924711317,0.2,0.1428,1,0.198730875,0.245694657,1.245694657,1.551755179
NULL,NULL,NULL,0.2,0.1666,1,0.164680388,0.209700868,1.209700868,1.463376191
NULL,NULL,NULL,0.2,0.1904,1,0.130536623,0.170966705,1.170966705,1.371163025
NULL,NULL,NULL,0.2,0.2142,1,0.09631892,0.129579913,1.129579913,1.275950781
NULL,NULL,NULL,0.30037,-0.1666,1,0.298473186,0.208611156,1.208611156,1.460740927
NULL,NULL,NULL,0.30081,-0.0476,1,0.155082872,0.142126139,1.142126139,1.304452118
NULL,NULL,NULL,0.30132,-0.2618,1,0.405977892,0.210149141,1.210149141,1.464460943
NULL,NULL,NULL,0.30165,-0.357,1,0.511762062,0.169730168,1.169730168,1.368268666
NULL,NULL,NULL,0.30245,-0.2142,1,0.34735293,0.211528219,1.211528219,1.467800625
NULL,NULL,NULL,0.30292,-0.1428,1,0.262139505,0.194854661,1.194854661,1.427677662
NULL,NULL,NULL,0.30298,-0.3808,1,0.533236591,0.151774019,1.151774019,1.32658339
NULL,NULL,NULL,0.30348,-0.0714,1,0.175396175,0.153276739,1.153276739,1.330047237
NULL,NULL,NULL,0.3039,-0.4046,1,0.555788119,0.131964245,1.131964245,1.281343051
NULL,NULL,NULL,0.30438,-0.119,1,0.229284612,0.180515758,1.180515758,1.393617454
NULL,NULL,NULL,0.30444,-0.4284,1,0.579317231,0.110134052,1.110134052,1.232397614
NULL,NULL,NULL,0.30461,-0.0952,1,0.200270409,0.166390588,1.166390588,1.360467004
NULL,NULL,NULL,0.30475,-0.2856,1,0.421541968,0.198764024,1.198764024,1.437035186
NULL,NULL,NULL,0.30685,-0.1904,1,0.305224312,0.199657931,1.199657931,1.439179152
NULL,NULL,NULL,0.30725,-0.238,1,0.3589269,0.202242403,1.202242403,1.445386796
NULL,NULL,NULL,0.30758,-0.3094,1,0.438764912,0.186531761,1.186531761,1.407857619
NULL,NULL,NULL,0.30986,-0.3332,1,0.457510977,0.173168343,1.173168343,1.376323962
NULL,NULL,NULL,0.31037,-0.1666,1,0.26601629,0.185926135,1.185926135,1.406420798
NULL,NULL,NULL,0.31081,-0.0476,1,0.124292707,0.113908405,1.113908405,1.240791935
NULL,NULL,NULL,0.31132,-0.2618,1,0.372517235,0.192828669,1.192828669,1.422840234
NULL,NULL,NULL,0.31165,-0.357,1,0.477600668,0.158400256,1.158400256,1.341891154
NULL,NULL,NULL,0.31245,-0.2142,1,0.31435678,0.191434486,1.191434486,1.419516135
NULL,NULL,NULL,0.31292,-0.1428,1,0.229979892,0.17094964,1.17094964,1.37112306
NULL,NULL,NULL,0.31298,-0.3808,1,0.498948166,0.142014576,1.142014576,1.304197291
NULL,NULL,NULL,0.31348,-0.0714,1,0.144236978,0.126047068,1.126047068,1.267982
NULL,NULL,NULL,0.3139,-0.4046,1,0.521392084,0.123797379,1.123797379,1.26292055
NULL,NULL,NULL,0.31438,-0.119,1,0.197440497,0.155444888,1.155444888,1.33505289
NULL,NULL,NULL,0.31444,-0.4284,1,0.544833069,0.103578265,1.103578265,1.217884987
NULL,NULL,NULL,0.31461,-0.0952,1,0.168759829,0.140210665,1.140210665,1.300080361
NULL,NULL,NULL,0.31462,-0.4522,1,0.569200889,0.081211452,1.081211452,1.169018204
NULL,NULL,NULL,0.31475,-0.2856,1,0.387877422,0.182890633,1.182890633,1.399230249
NULL,NULL,NULL,0.31685,-0.1904,1,0.272488518,0.1782443,1.1782443,1.388259631
NULL,NULL,NULL,0.31725,-0.238,1,0.325689083,0.183514089,1.183514089,1.400705598
NULL,NULL,NULL,0.31758,-0.3094,1,0.404915546,0.172141408,1.172141408,1.373915481
NULL,NULL,NULL,0.31986,-0.3332,1,0.423495964,0.160293628,1.160293628,1.346281304
NULL,NULL,NULL,0.31,-0.0238,1,0.098421229,0.094336539,1.094336539,1.19757246
NULL,NULL,NULL,0.32037,-0.1666,1,0.233559395,0.163241114,1.163241114,1.35312989
NULL,NULL,NULL,0.32081,-0.0476,1,0.093502542,0.085690671,1.085690671,1.178724233
NULL,NULL,NULL,0.32132,-0.2618,1,0.339056577,0.175508198,1.175508198,1.381819523
NULL,NULL,NULL,0.32165,-0.357,1,0.443439274,0.147070344,1.147070344,1.315770375
NULL,NULL,NULL,0.32245,-0.2142,1,0.281360629,0.171340754,1.171340754,1.372039161
NULL,NULL,NULL,0.32292,-0.1428,1,0.197820279,0.147044619,1.147044619,1.315711357
NULL,NULL,NULL,0.32298,-0.3808,1,0.464659742,0.132255133,1.132255133,1.282001686
NULL,NULL,NULL,0.32348,-0.0714,1,0.113077781,0.098817398,1.098817398,1.207399673
NULL,NULL,NULL,0.3239,-0.4046,1,0.486996049,0.115630514,1.115630514,1.244631444
NULL,NULL,NULL,0.32438,-0.119,1,0.165596382,0.130374019,1.130374019,1.277745423
NULL,NULL,NULL,0.32444,-0.4284,1,0.510348906,0.097022478,1.097022478,1.203458316
NULL,NULL,NULL,0.32448,-0.476,1,0.559749664,0.053266678,1.053266678,1.109370695
NULL,NULL,NULL,0.32461,-0.0952,1,0.137249249,0.114030742,1.114030742,1.241064494
NULL,NULL,NULL,0.32462,-0.4522,1,0.534648131,0.076281594,1.076281594,1.15838207
NULL,NULL,NULL,0.32475,-0.2856,1,0.354212877,0.167017242,1.167017242,1.361929242
NULL,NULL,NULL,0.32685,-0.1904,1,0.239752725,0.156830669,1.156830669,1.338257197
NULL,NULL,NULL,0.32725,-0.238,1,0.292451266,0.164785774,1.164785774,1.356725899
NULL,NULL,NULL,0.32758,-0.3094,1,0.371066181,0.157751056,1.157751056,1.340387507
NULL,NULL,NULL,0.32986,-0.3332,1,0.389480951,0.147418913,1.147418913,1.316570163
NULL,NULL,NULL,0.33037,-0.1666,1,0.2011025,0.140556093,1.140556093,1.300868202
NULL,NULL,NULL,0.33132,-0.2618,1,0.305595919,0.158187727,1.158187727,1.34139881
NULL,NULL,NULL,0.33165,-0.357,1,0.409277881,0.135740432,1.135740432,1.28990633
NULL,NULL,NULL,0.33245,-0.2142,1,0.248364479,0.151247021,1.151247021,1.325369704
NULL,NULL,NULL,0.33292,-0.1428,1,0.165660666,0.123139597,1.123139597,1.261442555
NULL,NULL,NULL,0.33298,-0.3808,1,0.430371317,0.12249569,1.12249569,1.259996574
NULL,NULL,NULL,0.33348,-0.0714,1,0.081918584,0.071587727,1.071587727,1.148300256
NULL,NULL,NULL,0.3339,-0.4046,1,0.452600014,0.107463649,1.107463649,1.226475733
NULL,NULL,NULL,0.33404,-0.4998,1,0.550942976,0.026221061,1.026221061,1.053129666
NULL,NULL,NULL,0.33438,-0.119,1,0.133752267,0.10530315,1.10530315,1.221695053
NULL,NULL,NULL,0.33444,-0.4284,1,0.475864744,0.09046669,1.09046669,1.189117603
NULL,NULL,NULL,0.33448,-0.476,1,0.525147883,0.049973917,1.049973917,1.102445226
NULL,NULL,NULL,0.33461,-0.0952,1,0.10573867,0.087850819,1.087850819,1.183419404
NULL,NULL,NULL,0.33462,-0.4522,1,0.500095374,0.071351736,1.071351736,1.147794542
NULL,NULL,NULL,0.33475,-0.2856,1,0.320548331,0.151143851,1.151143851,1.325132165
NULL,NULL,NULL,0.33685,-0.1904,1,0.207016931,0.135417038,1.135417038,1.28917185
NULL,NULL,NULL,0.33725,-0.238,1,0.259213449,0.146057459,1.146057459,1.313447699
NULL,NULL,NULL,0.33758,-0.3094,1,0.337216815,0.143360703,1.143360703,1.307273697
NULL,NULL,NULL,0.33986,-0.3332,1,0.355465938,0.134544198,1.134544198,1.287190538
NULL,NULL,NULL,0.34037,-0.1666,1,0.168645605,0.117871073,1.117871073,1.249635735
NULL,NULL,NULL,0.34132,-0.2618,1,0.272135262,0.140867255,1.140867255,1.301578094
NULL,NULL,NULL,0.34165,-0.357,1,0.375116487,0.12441052,1.12441052,1.264299018
NULL,NULL,NULL,0.34245,-0.2142,1,0.215368329,0.131153289,1.131153289,1.279507763
NULL,NULL,NULL,0.34292,-0.1428,1,0.133501053,0.099234576,1.099234576,1.208316652
NULL,NULL,NULL,0.34298,-0.3808,1,0.396082892,0.112736247,1.112736247,1.238181956
NULL,NULL,NULL,0.3439,-0.4046,1,0.41820398,0.099296783,1.099296783,1.208453418
NULL,NULL,NULL,0.34404,-0.4998,1,0.516311769,0.024572856,1.024572856,1.049749537
NULL,NULL,NULL,0.34438,-0.119,1,0.101908152,0.080232281,1.080232281,1.16690178
NULL,NULL,NULL,0.34444,-0.4284,1,0.441380582,0.083910903,1.083910903,1.174862846
NULL,NULL,NULL,0.34448,-0.476,1,0.490546101,0.046681156,1.046681156,1.095541442
NULL,NULL,NULL,0.34461,-0.0952,1,0.07422809,0.061670896,1.061670896,1.127145091
NULL,NULL,NULL,0.34462,-0.4522,1,0.465542616,0.066421878,1.066421878,1.137255622
NULL,NULL,NULL,0.34475,-0.2856,1,0.286883785,0.135270459,1.135270459,1.288839016
NULL,NULL,NULL,0.34685,-0.1904,1,0.174281137,0.114003407,1.114003407,1.24100359
NULL,NULL,NULL,0.34725,-0.238,1,0.225975632,0.127329144,1.127329144,1.270870999
NULL,NULL,NULL,0.34758,-0.3094,1,0.303367449,0.12897035,1.12897035,1.274574052
NULL,NULL,NULL,0.34986,-0.3332,1,0.321450925,0.121669483,1.121669483,1.25814243
NULL,NULL,NULL,0.35037,-0.1666,1,0.136188709,0.095186052,1.095186052,1.199432488
NULL,NULL,NULL,0.35132,-0.2618,1,0.238674604,0.123546784,1.123546784,1.262357376
NULL,NULL,NULL,0.35165,-0.357,1,0.340955093,0.113080608,1.113080608,1.238948441
NULL,NULL,NULL,0.35245,-0.2142,1,0.182372179,0.111059556,1.111059556,1.234453338
NULL,NULL,NULL,0.35292,-0.1428,1,0.10134144,0.075329554,1.075329554,1.15633365
NULL,NULL,NULL,0.35298,-0.3808,1,0.361794467,0.102976804,1.102976804,1.216557831
NULL,NULL,NULL,0.3539,-0.4046,1,0.383807945,0.091129918,1.091129918,1.190564498
NULL,NULL,NULL,0.35404,-0.4998,1,0.481680562,0.022924651,1.022924651,1.046374842
NULL,NULL,NULL,0.35438,-0.119,1,0.070064038,0.055161412,1.055161412,1.113365604
NULL,NULL,NULL,0.35444,-0.4284,1,0.40689642,0.077355116,1.077355116,1.160694046
NULL,NULL,NULL,0.35448,-0.476,1,0.45594432,0.043388395,1.043388395,1.088659342
NULL,NULL,NULL,0.35462,-0.4522,1,0.430989859,0.06149202,1.06149202,1.126765308
NULL,NULL,NULL,0.35475,-0.2856,1,0.25321924,0.119397068,1.119397068,1.253049796
NULL,NULL,NULL,0.35685,-0.1904,1,0.141545344,0.092589776,1.092589776,1.193752418
NULL,NULL,NULL,0.35725,-0.238,1,0.192737815,0.108600829,1.108600829,1.228995798
NULL,NULL,NULL,0.35758,-0.3094,1,0.269518084,0.114579998,1.114579998,1.242288572
NULL,NULL,NULL,0.35986,-0.3332,1,0.287435912,0.108794768,1.108794768,1.229425838
NULL,NULL,NULL,0.36037,-0.1666,1,0.103731814,0.072501031,1.072501031,1.150258461
NULL,NULL,NULL,0.36132,-0.2618,1,0.205213946,0.106226313,1.106226313,1.223736655
NULL,NULL,NULL,0.36165,-0.357,1,0.3067937,0.101750697,1.101750697,1.213854597
NULL,NULL,NULL,0.36245,-0.2142,1,0.149376029,0.090965824,1.090965824,1.190206429
NULL,NULL,NULL,0.36292,-0.1428,1,0.069181827,0.051424533,1.051424533,1.105493548
NULL,NULL,NULL,0.36298,-0.3808,1,0.327506042,0.093217361,1.093217361,1.195124199
NULL,NULL,NULL,0.3639,-0.4046,1,0.34941191,0.082963052,1.082963052,1.172808973
NULL,NULL,NULL,0.36404,-0.4998,1,0.447049356,0.021276446,1.021276446,1.043005579
NULL,NULL,NULL,0.36444,-0.4284,1,0.372412257,0.070799329,1.070799329,1.146611202
NULL,NULL,NULL,0.36448,-0.476,1,0.421342538,0.040095633,1.040095633,1.081798927
NULL,NULL,NULL,0.36462,-0.4522,1,0.396437102,0.056562162,1.056562162,1.116323602
NULL,NULL,NULL,0.36475,-0.2856,1,0.219554694,0.103523677,1.103523677,1.217764505
NULL,NULL,NULL,0.36685,-0.1904,1,0.10880955,0.071176144,1.071176144,1.147418332
NULL,NULL,NULL,0.36725,-0.238,1,0.159499998,0.089872514,1.089872514,1.187822097
NULL,NULL,NULL,0.36758,-0.3094,1,0.235668718,0.100189645,1.100189645,1.210417256
NULL,NULL,NULL,0.36986,-0.3332,1,0.2534209,0.095920053,1.095920053,1.201040763
NULL,NULL,NULL,0.37037,-0.1666,1,0.071274919,0.04981601,1.04981601,1.102113655
NULL,NULL,NULL,0.37132,-0.2618,1,0.171753289,0.088905841,1.088905841,1.185715931
NULL,NULL,NULL,0.37165,-0.357,1,0.272632306,0.090420785,1.090420785,1.189017487
NULL,NULL,NULL,0.37245,-0.2142,1,0.116379879,0.070872091,1.070872091,1.146767036
NULL,NULL,NULL,0.37298,-0.3808,1,0.293217617,0.083457919,1.083457919,1.173881061
NULL,NULL,NULL,0.3739,-0.4046,1,0.315015875,0.074796187,1.074796187,1.155186844
NULL,NULL,NULL,0.37404,-0.4998,1,0.412418149,0.019628241,1.019628241,1.03964175
NULL,NULL,NULL,0.37444,-0.4284,1,0.337928095,0.064243541,1.064243541,1.132614315
NULL,NULL,NULL,0.37448,-0.476,1,0.386740757,0.036802872,1.036802872,1.074960196
NULL,NULL,NULL,0.37462,-0.4522,1,0.361884344,0.051632304,1.051632304,1.105930502
NULL,NULL,NULL,0.37475,-0.2856,1,0.185890148,0.087650286,1.087650286,1.182983144
NULL,NULL,NULL,0.37685,-0.1904,1,0.076073756,0.049762513,1.049762513,1.102001334
NULL,NULL,NULL,0.37725,-0.238,1,0.126262181,0.071144199,1.071144199,1.147349896
NULL,NULL,NULL,0.37758,-0.3094,1,0.201819352,0.085799293,1.085799293,1.178960104
NULL,NULL,NULL,0.37986,-0.3332,1,0.219405887,0.083045338,1.083045338,1.172987205
NULL,NULL,NULL,0.38132,-0.2618,1,0.138292631,0.07158537,1.07158537,1.148295205
NULL,NULL,NULL,0.38165,-0.357,1,0.238470912,0.079090873,1.079090873,1.164437111
NULL,NULL,NULL,0.38245,-0.2142,1,0.083383729,0.050778359,1.050778359,1.104135159
NULL,NULL,NULL,0.38298,-0.3808,1,0.258929192,0.073698476,1.073698476,1.152828417
NULL,NULL,NULL,0.3839,-0.4046,1,0.280619841,0.066629322,1.066629322,1.13769811
NULL,NULL,NULL,0.38404,-0.4998,1,0.377786943,0.017980036,1.017980036,1.036283354
NULL,NULL,NULL,0.38444,-0.4284,1,0.303443933,0.057687754,1.057687754,1.118703385
NULL,NULL,NULL,0.38448,-0.476,1,0.352138975,0.033510111,1.033510111,1.06814315
NULL,NULL,NULL,0.38462,-0.4522,1,0.327331587,0.046702446,1.046702446,1.09558601
NULL,NULL,NULL,0.38475,-0.2856,1,0.152225603,0.071776894,1.071776894,1.148705711
NULL,NULL,NULL,0.38725,-0.238,1,0.093024364,0.052415885,1.052415885,1.107579194
NULL,NULL,NULL,0.38758,-0.3094,1,0.167969987,0.07140894,1.07140894,1.147917117
NULL,NULL,NULL,0.38986,-0.3332,1,0.185390874,0.070170623,1.070170623,1.145265163
NULL,NULL,NULL,0.39132,-0.2618,1,0.104831973,0.054264899,1.054264899,1.111474476
NULL,NULL,NULL,0.39165,-0.357,1,0.204309519,0.067760961,1.067760961,1.140113469
NULL,NULL,NULL,0.39298,-0.3808,1,0.224640767,0.063939033,1.063939033,1.131966266
NULL,NULL,NULL,0.3939,-0.4046,1,0.246223806,0.058462456,1.058462456,1.120342771
NULL,NULL,NULL,0.39404,-0.4998,1,0.343155736,0.016331831,1.016331831,1.032930391
NULL,NULL,NULL,0.39444,-0.4284,1,0.268959771,0.051131967,1.051131967,1.104878412
NULL,NULL,NULL,0.39448,-0.476,1,0.317537194,0.03021735,1.03021735,1.061347788
NULL,NULL,NULL,0.39462,-0.4522,1,0.292778829,0.041772587,1.041772587,1.085290124
NULL,NULL,NULL,0.39475,-0.2856,1,0.118561057,0.055903503,1.055903503,1.114932208
NULL,NULL,NULL,0.39758,-0.3094,1,0.134120621,0.057018588,1.057018588,1.117288294
NULL,NULL,NULL,0.39986,-0.3332,1,0.151375861,0.057295908,1.057295908,1.117874638
NULL,NULL,NULL,0.3,-0.0238,1,0.128824922,0.123478414,1.123478414,1.262203746
NULL,NULL,NULL,0.3,0,1,0.1,0.1,1.1,1.21
NULL,NULL,NULL,0.40132,-0.2618,1,0.071371316,0.036944427,1.036944427,1.075253745
NULL,NULL,NULL,0.40165,-0.357,1,0.170148125,0.056431049,1.056431049,1.116046561
NULL,NULL,NULL,0.40298,-0.3808,1,0.190352342,0.05417959,1.05417959,1.111294608
NULL,NULL,NULL,0.4039,-0.4046,1,0.211827771,0.050295591,1.050295591,1.103120828
NULL,NULL,NULL,0.40404,-0.4998,1,0.308524529,0.014683626,1.014683626,1.029582861
NULL,NULL,NULL,0.40444,-0.4284,1,0.234475608,0.04457618,1.04457618,1.091139395
NULL,NULL,NULL,0.40448,-0.476,1,0.282935413,0.026924589,1.026924589,1.054574111
NULL,NULL,NULL,0.40462,-0.4522,1,0.258226072,0.036842729,1.036842729,1.075042845
NULL,NULL,NULL,0.40475,-0.2856,1,0.084896511,0.040030112,1.040030112,1.081662634
NULL,NULL,NULL,0.40758,-0.3094,1,0.100271255,0.042628235,1.042628235,1.087073636
NULL,NULL,NULL,0.40986,-0.3332,1,0.117360848,0.044421193,1.044421193,1.090815629
NULL,NULL,NULL,0.41165,-0.357,1,0.135986731,0.045101137,1.045101137,1.092236386
NULL,NULL,NULL,0.41298,-0.3808,1,0.156063917,0.044420147,1.044420147,1.090813444
NULL,NULL,NULL,0.4139,-0.4046,1,0.177431736,0.042128725,1.042128725,1.08603228
NULL,NULL,NULL,0.41404,-0.4998,1,0.273893323,0.013035421,1.013035421,1.026240764
NULL,NULL,NULL,0.41444,-0.4284,1,0.199991446,0.038020392,1.038020392,1.077486335
NULL,NULL,NULL,0.41448,-0.476,1,0.248333631,0.023631828,1.023631828,1.047822119
NULL,NULL,NULL,0.41462,-0.4522,1,0.223673314,0.031912871,1.031912871,1.064844174
NULL,NULL,NULL,0.41986,-0.3332,1,0.083345835,0.031546478,1.031546478,1.064088137
NULL,NULL,NULL,0.42165,-0.357,1,0.101825338,0.033771225,1.033771225,1.068682945
NULL,NULL,NULL,0.42298,-0.3808,1,0.121775492,0.034660704,1.034660704,1.070522773
NULL,NULL,NULL,0.4239,-0.4046,1,0.143035701,0.03396186,1.03396186,1.069077128
NULL,NULL,NULL,0.42404,-0.4998,1,0.239262116,0.011387216,1.011387216,1.0229041
NULL,NULL,NULL,0.42444,-0.4284,1,0.165507284,0.031464605,1.031464605,1.063919231
NULL,NULL,NULL,0.42448,-0.476,1,0.21373185,0.020339066,1.020339066,1.041091811
NULL,NULL,NULL,0.42462,-0.4522,1,0.189120557,0.026983013,1.026983013,1.054694109
NULL,NULL,NULL,0.43298,-0.3808,1,0.087487067,0.024901261,1.024901261,1.050422596
NULL,NULL,NULL,0.4339,-0.4046,1,0.108639667,0.025794995,1.025794995,1.052255371
NULL,NULL,NULL,0.43404,-0.4998,1,0.20463091,0.009739011,1.009739011,1.01957287
NULL,NULL,NULL,0.43444,-0.4284,1,0.131023122,0.024908818,1.024908818,1.050438085
NULL,NULL,NULL,0.43448,-0.476,1,0.179130068,0.017046305,1.017046305,1.034383187
NULL,NULL,NULL,0.43462,-0.4522,1,0.1545678,0.022053155,1.022053155,1.044592652
NULL,NULL,NULL,0.4439,-0.4046,1,0.074243632,0.017628129,1.017628129,1.03556701
NULL,NULL,NULL,0.44404,-0.4998,1,0.169999703,0.008090806,1.008090806,1.016247073
NULL,NULL,NULL,0.44444,-0.4284,1,0.096538959,0.01835303,1.01835303,1.037042895
NULL,NULL,NULL,0.44448,-0.476,1,0.144528287,0.013753544,1.013753544,1.027696248
NULL,NULL,NULL,0.44462,-0.4522,1,0.120015042,0.017123297,1.017123297,1.034539801
NULL,NULL,NULL,0.45404,-0.4998,1,0.135368496,0.006442601,1.006442601,1.012926709
NULL,NULL,NULL,0.45448,-0.476,1,0.109926505,0.010460783,1.010460783,1.021030994
NULL,NULL,NULL,0.45462,-0.4522,1,0.085462285,0.012193439,1.012193439,1.024535558
NULL,NULL,NULL,0.46404,-0.4998,1,0.10073729,0.004794396,1.004794396,1.009611778
NULL,NULL,NULL,0.46448,-0.476,1,0.075324724,0.007168022,1.007168022,1.014387424
